file_name,final_#,exercise_id,exercise,athlete,image_url
F001_chest_supported_row_machine.png,F001,chest_supported_row_machine,Chest-Supported Machine Row,Jalen,https://d8j0ntlcm91z4.cloudfront.net/user_3FS08NDvOnniU88xskYvPiIVl2E/hf_20260930_042454_a386efce-5722-45cf-881d-0989841590da.png
F002_leg_extension.png,F002,leg_extension,Leg Extension,Zoe,https://d8j0ntlcm91z4.cloudfront.net/user_3FS08NDvOnniU88xskYvPiIVl2E/hf_20260930_040453_0cce99f0-52d4-4a9c-99f5-3efa95389055.png
F003_hack_squat.png,F003,hack_squat,Hack Squat,Nia,https://d8j0ntlcm91z4.cloudfront.net/user_3FS08NDvOnniU88xskYvPiIVl2E/hf_20260930_041227_41ccb574-f8cb-4bd3-894c-245856f50d5c.png
F004_goblet_squat.png,F004,goblet_squat,Goblet Squat,Maya,https://d8j0ntlcm91z4.cloudfront.net/user_3FS08NDvOnniU88xskYvPiIVl2E/hf_20260930_040453_00b4aab0-d989-416c-bee2-fa8d27f5eaae.png
F005_trap_bar_deadlift.png,F005,trap_bar_deadlift,Trap-Bar Deadlift,Brooke,https://d8j0ntlcm91z4.cloudfront.net/user_3FS08NDvOnniU88xskYvPiIVl2E/hf_20260930_044132_df7041ed-d103-4936-b576-e033c3d2a3e1.png
F006_ski_erg.png,F006,ski_erg,SkiErg,Nia,https://d8j0ntlcm91z4.cloudfront.net/user_3FS08NDvOnniU88xskYvPiIVl2E/hf_20260930_041227_3352f4c6-de73-47d8-b2cf-d85781ad2ce2.png
F007_push_up.png,F007,push_up,Push-Up,Cole,https://d8j0ntlcm91z4.cloudfront.net/user_3FS08NDvOnniU88xskYvPiIVl2E/hf_20260930_043341_fbd20343-a81c-43c8-a0dc-6b62ff5e5226.png
F008_mb_rotational_throw.png,F008,mb_rotational_throw,Med-Ball Rotational Throw,Jalen,https://d8j0ntlcm91z4.cloudfront.net/user_3FS08NDvOnniU88xskYvPiIVl2E/hf_20261002_185604_f2cd6168-6c8b-4b79-a9da-2b7be54da58b.png
F009_mb_rotational_slam.png,F009,mb_rotational_slam,Med-Ball Rotational Slam,Jalen,https://d8j0ntlcm91z4.cloudfront.net/user_3FS08NDvOnniU88xskYvPiIVl2E/hf_20261002_185603_55e935f9-9b43-4a9c-a200-57331fef8405.png
F010_row_erg.png,F010,row_erg,Row Erg,Zoe,https://d8j0ntlcm91z4.cloudfront.net/user_3FS08NDvOnniU88xskYvPiIVl2E/hf_20260930_040453_1ba00fbf-3911-44c6-b27b-136260657381.png
F011_stationary_bike.png,F011,stationary_bike,Stationary Bike,Maya,https://d8j0ntlcm91z4.cloudfront.net/user_3FS08NDvOnniU88xskYvPiIVl2E/hf_20260930_041227_8c2ce9dc-e026-4267-94c7-f6bdbd330f69.png
F012_barbell_back_squat.png,F012,barbell_back_squat,Barbell Back Squat,Brooke,https://d8j0ntlcm91z4.cloudfront.net/user_3FS08NDvOnniU88xskYvPiIVl2E/hf_20260930_044131_00126fc8-1551-4be9-8bf2-32ef6b61e91f.png
F013_box_step_up_glute.png,F013,box_step_up_glute,Box Step-Up (Glute Bias),Nia,https://d8j0ntlcm91z4.cloudfront.net/user_3FS08NDvOnniU88xskYvPiIVl2E/hf_20260930_041309_fcfed3fa-ec7d-4e93-b64f-aae76350cf76.png
F014_db_pullover.png,F014,db_pullover,Dumbbell Pullover,Jalen,https://d8j0ntlcm91z4.cloudfront.net/user_3FS08NDvOnniU88xskYvPiIVl2E/hf_20260930_042454_b3824cff-8c70-4c96-a288-4743c2221bc4.png
F015_air_bike.png,F015,air_bike,Air Bike,Cole,https://d8j0ntlcm91z4.cloudfront.net/user_3FS08NDvOnniU88xskYvPiIVl2E/hf_20260930_043340_7b1518c6-ed0e-46b8-9c1b-33170ecbbb10.png
F016_front_squat.png,F016,front_squat,Front Squat,Zoe,https://d8j0ntlcm91z4.cloudfront.net/user_3FS08NDvOnniU88xskYvPiIVl2E/hf_20260930_043256_746cb2bb-b2fc-451d-8ae8-2286b87573cb.png
F017_leg_press.png,F017,leg_press,Leg Press,Maya,https://d8j0ntlcm91z4.cloudfront.net/user_3FS08NDvOnniU88xskYvPiIVl2E/hf_20260930_041227_056d5cdf-094a-4b51-8321-26cac0844f04.png
F018_broad_jump.png,F018,broad_jump,Broad Jump to Stick,Nia,https://d8j0ntlcm91z4.cloudfront.net/user_3FS08NDvOnniU88xskYvPiIVl2E/hf_20260930_041309_b739bbe9-2a43-4832-bafe-0f0ea1595116.png
F019_pull_up.png,F019,pull_up,Pull-Up,Cole,https://d8j0ntlcm91z4.cloudfront.net/user_3FS08NDvOnniU88xskYvPiIVl2E/hf_20260930_044131_62ec5022-da3e-448b-9c4d-ef9d17dabb51.png
F020_roman_chair_ghd_raise.png,F020,roman_chair_ghd_raise,Roman Chair / GHD Glute-Ham Raise,Brooke,https://d8j0ntlcm91z4.cloudfront.net/user_3FS08NDvOnniU88xskYvPiIVl2E/hf_20260930_041309_94a17d53-bff7-4064-a378-6ffdd65e1b42.png
F021_chin_up.png,F021,chin_up,Chin-Up,Cole,https://d8j0ntlcm91z4.cloudfront.net/user_3FS08NDvOnniU88xskYvPiIVl2E/hf_20260930_045848_e0a99f61-c70e-416b-bae4-dab7594c51ac.png
F022_kettlebell_deadlift.png,F022,kettlebell_deadlift,Kettlebell Deadlift,Maya,https://d8j0ntlcm91z4.cloudfront.net/user_3FS08NDvOnniU88xskYvPiIVl2E/hf_20260930_044907_c0f1b19c-3bcc-4b8e-afe5-87727d919b5e.png
F023_med_ball_slam.png,F023,med_ball_slam,Med-Ball Slam,Jalen,https://d8j0ntlcm91z4.cloudfront.net/user_3FS08NDvOnniU88xskYvPiIVl2E/hf_20260930_044729_905cb306-ea76-43f3-bb77-a356bfdb8174.png
F024_ez_bar_curl.png,F024,ez_bar_curl,EZ-Bar Curl,Zoe,https://d8j0ntlcm91z4.cloudfront.net/user_3FS08NDvOnniU88xskYvPiIVl2E/hf_20260930_044729_fca76cc4-fc1f-48d7-9c9a-2c9dc30ae3c4.png
F025_mb_overhead_throw.png,F025,mb_overhead_throw,Med-Ball Overhead Throw,Nia,https://d8j0ntlcm91z4.cloudfront.net/user_3FS08NDvOnniU88xskYvPiIVl2E/hf_20260930_044729_f657fbec-1386-40b9-b251-2c51c3e9f1d4.png
F026_acceleration_sprint.png,F026,acceleration_sprint,Explosive Start (5-10 m),Brooke,https://d8j0ntlcm91z4.cloudfront.net/user_3FS08NDvOnniU88xskYvPiIVl2E/hf_20260930_044729_628ab17b-f7b0-41ed-b441-5a9e3ba11674.png
F027_devil_press.png,F027,devil_press,Devil Press,Cole,https://d8j0ntlcm91z4.cloudfront.net/user_3FS08NDvOnniU88xskYvPiIVl2E/hf_20261001_180420_21731163-05da-49c2-9a59-bca252c51ef1.png
F028_bulgarian_split_squat.png,F028,bulgarian_split_squat,Bulgarian Split Squat,Maya,https://d8j0ntlcm91z4.cloudfront.net/user_3FS08NDvOnniU88xskYvPiIVl2E/hf_20260930_044801_985b01f6-a098-4e1b-b8d7-d0564fa6ed17.png
F029_countermovement_jump.png,F029,countermovement_jump,Countermovement Jump,Zoe,https://d8j0ntlcm91z4.cloudfront.net/user_3FS08NDvOnniU88xskYvPiIVl2E/hf_20260930_044801_f4959f85-6127-4e88-a294-a6e5fc4c39c1.png
F030_assisted_pull_up_machine.png,F030,assisted_pull_up_machine,Assisted Pull-Up Machine,Nia,https://d8j0ntlcm91z4.cloudfront.net/user_3FS08NDvOnniU88xskYvPiIVl2E/hf_20260930_045848_785ed42c-d10f-4b5c-b2b2-1c610d09089c.png
F031_curtsy_lunge.png,F031,curtsy_lunge,Curtsy Lunge,Brooke,https://d8j0ntlcm91z4.cloudfront.net/user_3FS08NDvOnniU88xskYvPiIVl2E/hf_20260930_051826_8f7e8d4b-b2fd-4fe3-b178-3cb8141112d8.png
F032_seated_box_jump.png,F032,seated_box_jump,Seated Box Jump,Zoe,https://d8j0ntlcm91z4.cloudfront.net/user_3FS08NDvOnniU88xskYvPiIVl2E/hf_20260930_045931_82eefa7e-3949-43c8-86b9-6c6e95efcbb0.png
F033_lat_pulldown.png,F033,lat_pulldown,Lat Pulldown,Jalen,https://d8j0ntlcm91z4.cloudfront.net/user_3FS08NDvOnniU88xskYvPiIVl2E/hf_20260930_045848_a68c882b-a9e7-4c1c-913e-d74839542104.png
F034_falling_start_sprint.png,F034,falling_start_sprint,Falling-Start Sprint (5 m),Maya,https://d8j0ntlcm91z4.cloudfront.net/user_3FS08NDvOnniU88xskYvPiIVl2E/hf_20260930_045848_088c17d6-a99e-4602-ad2d-be9ed8655bad.png
F035_db_push_press.png,F035,db_push_press,Dumbbell Push Press,Cole,https://d8j0ntlcm91z4.cloudfront.net/user_3FS08NDvOnniU88xskYvPiIVl2E/hf_20260930_045931_35ba523f-b0ff-47f2-806c-0579801a58a9.png
F036_bayesian_cable_curl.png,F036,bayesian_cable_curl,Bayesian Cable Curl,Nia,https://d8j0ntlcm91z4.cloudfront.net/user_3FS08NDvOnniU88xskYvPiIVl2E/hf_20260930_045931_4f95302f-9626-47ed-8ef4-f40fe5a86173.png
F037_front_foot_elevated_split_squat.png,F037,front_foot_elevated_split_squat,Front-Foot Elevated Split Squat,Zoe,https://d8j0ntlcm91z4.cloudfront.net/user_3FS08NDvOnniU88xskYvPiIVl2E/hf_20260930_045959_180b3d85-8ca1-4c01-a9ad-b4f9caa592b7.png
F038_front_rack_carry.png,F038,front_rack_carry,Front-Rack Carry,Maya,https://d8j0ntlcm91z4.cloudfront.net/user_3FS08NDvOnniU88xskYvPiIVl2E/hf_20260930_051826_e5df2a3e-6cff-4aff-b885-06867ca82708.png
F039_reverse_lunge.png,F039,reverse_lunge,Reverse Lunge,Nia,https://d8j0ntlcm91z4.cloudfront.net/user_3FS08NDvOnniU88xskYvPiIVl2E/hf_20260930_050648_f199f797-917d-4b9f-a381-8994a93bdc54.png
F040_ez_preacher_curl.png,F040,ez_preacher_curl,EZ-Bar Preacher Curl,Jalen,https://d8j0ntlcm91z4.cloudfront.net/user_3FS08NDvOnniU88xskYvPiIVl2E/hf_20260930_051826_59d125d4-84ca-4238-bd79-338a3b0aba59.png
F041_plank.png,F041,plank,Front Plank,Cole,https://d8j0ntlcm91z4.cloudfront.net/user_3FS08NDvOnniU88xskYvPiIVl2E/hf_20260930_050648_e6ae2e4e-e874-41d2-874f-ad161baa866b.png
F042_sissy_squat.png,F042,sissy_squat,Sissy Squat,Zoe,https://d8j0ntlcm91z4.cloudfront.net/user_3FS08NDvOnniU88xskYvPiIVl2E/hf_20260930_051826_1e6ce63e-72eb-4fb0-8a0e-e5b2f74e20a4.png
F043_mb_shot_put.png,F043,mb_shot_put,Med-Ball Shot-Put Throw,Brooke,https://d8j0ntlcm91z4.cloudfront.net/user_3FS08NDvOnniU88xskYvPiIVl2E/hf_20260930_050734_25b79fa3-4398-44c5-8b29-4bfbeb5ece73.png
F044_incline_db_curl.png,F044,incline_db_curl,Incline Dumbbell Curl,Cole,https://d8j0ntlcm91z4.cloudfront.net/user_3FS08NDvOnniU88xskYvPiIVl2E/hf_20260930_050734_a4696f47-e9c4-4063-aebd-a931e5af6993.png
F045_spider_curl.png,F045,spider_curl,Spider Curl,Maya,https://d8j0ntlcm91z4.cloudfront.net/user_3FS08NDvOnniU88xskYvPiIVl2E/hf_20260930_050734_5fc794a6-edd4-4390-99a5-608e9a037f51.png
F046_cable_pullover.png,F046,cable_pullover,Cable Pullover,Nia,https://d8j0ntlcm91z4.cloudfront.net/user_3FS08NDvOnniU88xskYvPiIVl2E/hf_20260930_050845_95f6c18e-6b27-4252-86d7-55b2644460a7.png
F047_suitcase_carry.png,F047,suitcase_carry,Suitcase Carry,Jalen,https://d8j0ntlcm91z4.cloudfront.net/user_3FS08NDvOnniU88xskYvPiIVl2E/hf_20260930_051826_fbb6aef9-40a4-436e-bfa1-cb511ac9d838.png
F048_barbell_curl.png,F048,barbell_curl,Barbell Curl,Brooke,https://d8j0ntlcm91z4.cloudfront.net/user_3FS08NDvOnniU88xskYvPiIVl2E/hf_20260930_051908_72e3fe87-db09-4bb1-a17c-f4b6816d21bf.png
F049_inverted_row.png,F049,inverted_row,Inverted Row,Cole,https://d8j0ntlcm91z4.cloudfront.net/user_3FS08NDvOnniU88xskYvPiIVl2E/hf_20260930_051908_7147ea79-b1d2-40b8-90d2-1deb513214c1.png
F050_meadows_row.png,F050,meadows_row,Meadows Row,Nia,https://d8j0ntlcm91z4.cloudfront.net/user_3FS08NDvOnniU88xskYvPiIVl2E/hf_20260930_052336_32ed961f-9ba0-40b5-8277-660d8032f688.png
F051_burpee.png,F051,burpee,Burpee,Maya,https://d8j0ntlcm91z4.cloudfront.net/user_3FS08NDvOnniU88xskYvPiIVl2E/hf_20260930_053246_35f2bfde-03a5-48a0-befa-ebcc00b5dcd4.png
F052_glute_bridge.png,F052,glute_bridge,Glute Bridge,Brooke,https://d8j0ntlcm91z4.cloudfront.net/user_3FS08NDvOnniU88xskYvPiIVl2E/hf_20260930_052336_bf6df1b3-7165-4749-8dc0-a374d34ad5e6.png
F053_landmine_rotational_punch.png,F053,landmine_rotational_punch,Landmine Rotational Punch,Jalen,https://d8j0ntlcm91z4.cloudfront.net/user_3FS08NDvOnniU88xskYvPiIVl2E/hf_20260930_053202_4f91c9e2-cecd-4d0c-827b-3a3cc51fd3b7.png
F054_neutral_grip_lat_pulldown.png,F054,neutral_grip_lat_pulldown,Neutral-Grip Lat Pulldown,Zoe,https://d8j0ntlcm91z4.cloudfront.net/user_3FS08NDvOnniU88xskYvPiIVl2E/hf_20260930_052522_fbef538f-9f90-4786-9d8b-a109229d5b81.png
F055_mb_chest_pass.png,F055,mb_chest_pass,Med-Ball Chest Pass,Cole,https://d8j0ntlcm91z4.cloudfront.net/user_3FS08NDvOnniU88xskYvPiIVl2E/hf_20260930_052416_bac448fe-b195-4317-b1e3-dcbe1a0f4445.png
F056_db_floor_press.png,F056,db_floor_press,Dumbbell Floor Press,Maya,https://d8j0ntlcm91z4.cloudfront.net/user_3FS08NDvOnniU88xskYvPiIVl2E/hf_20260930_052416_8d46f570-d620-41aa-b0a8-52c5139f0c9b.png
F057_lateral_box_jump.png,F057,lateral_box_jump,Lateral Box Jump,Brooke,https://d8j0ntlcm91z4.cloudfront.net/user_3FS08NDvOnniU88xskYvPiIVl2E/hf_20260930_053202_94f0e7af-f35a-4c9c-bcbe-605112e133bb.png
F058_chest_supported_db_row.png,F058,chest_supported_db_row,Chest-Supported Dumbbell Row,Nia,https://d8j0ntlcm91z4.cloudfront.net/user_3FS08NDvOnniU88xskYvPiIVl2E/hf_20260930_052416_4c880ba3-438c-4d54-8778-fcf812430a5e.png
F059_hang_high_pull.png,F059,hang_high_pull,Hang High Pull,Cole,https://d8j0ntlcm91z4.cloudfront.net/user_3FS08NDvOnniU88xskYvPiIVl2E/hf_20260930_053202_fe573f51-5245-4cd2-88bb-aa2456fb39d5.png
F060_explosive_push_up.png,F060,explosive_push_up,Explosive Push-Up,Jalen,https://d8j0ntlcm91z4.cloudfront.net/user_3FS08NDvOnniU88xskYvPiIVl2E/hf_20260930_053202_d76b9844-b70b-4c97-9f1a-23aff838845e.png
F061_reverse_nordic.png,F061,reverse_nordic,Reverse Nordic Curl,Zoe,https://d8j0ntlcm91z4.cloudfront.net/user_3FS08NDvOnniU88xskYvPiIVl2E/hf_20260930_054303_64257b61-22a9-4d53-b6dd-bd7093e89a27.png
F062_kettlebell_swing.png,F062,kettlebell_swing,Kettlebell Swing,Nia,https://d8j0ntlcm91z4.cloudfront.net/user_3FS08NDvOnniU88xskYvPiIVl2E/hf_20260930_053246_f7c2bf68-48f4-4fa5-88b3-85157c302f55.png
F063_kickstand_db_rdl.png,F063,kickstand_db_rdl,Kickstand Dumbbell RDL,Brooke,https://d8j0ntlcm91z4.cloudfront.net/user_3FS08NDvOnniU88xskYvPiIVl2E/hf_20260930_053246_0d222fb3-0a4f-4902-9ada-7fa2b71536a6.png
F064_box_jump.png,F064,box_jump,Box Jump,Maya,https://d8j0ntlcm91z4.cloudfront.net/user_3FS08NDvOnniU88xskYvPiIVl2E/hf_20260930_053246_8a01e192-adc5-4538-a6a9-cae7645c3481.png
F065_slider_hamstring_curl.png,F065,slider_hamstring_curl,Slider Hamstring Curl,Nia,https://d8j0ntlcm91z4.cloudfront.net/user_3FS08NDvOnniU88xskYvPiIVl2E/hf_20260930_053617_80dffba2-f376-40d7-b12e-58a167a576d2.png
F066_kb_snatch.png,F066,kb_snatch,Kettlebell Snatch,Cole,https://d8j0ntlcm91z4.cloudfront.net/user_3FS08NDvOnniU88xskYvPiIVl2E/hf_20260930_053417_e3ff67f4-f664-46ab-9d3a-79680857ccfb.png
F067_machine_preacher_curl.png,F067,machine_preacher_curl,Machine Preacher Curl,Zoe,https://d8j0ntlcm91z4.cloudfront.net/user_3FS08NDvOnniU88xskYvPiIVl2E/hf_20260930_053332_a1740533-5db7-46dd-9c26-8aed25b4ce55.png
F068_sled_push.png,F068,sled_push,Sled Push,Cole,https://d8j0ntlcm91z4.cloudfront.net/user_3FS08NDvOnniU88xskYvPiIVl2E/hf_20260930_053332_588c4fc0-55cc-4e79-a327-c89bd8bb276c.png
F069_treadmill_run.png,F069,treadmill_run,Treadmill Run,Zoe,https://d8j0ntlcm91z4.cloudfront.net/user_3FS08NDvOnniU88xskYvPiIVl2E/hf_20260930_053617_adaddd23-1ebc-4d6a-a2f3-82a8792f8f91.png
F070_wall_ball.png,F070,wall_ball,Wall Ball,Brooke,https://d8j0ntlcm91z4.cloudfront.net/user_3FS08NDvOnniU88xskYvPiIVl2E/hf_20260930_053416_fe9e4c5e-4e29-4185-b1ac-a4d7178373b4.png
F071_rfe_split_squat_jump.png,F071,rfe_split_squat_jump,Rear-Foot-Elevated Split Squat Jump,Maya,https://d8j0ntlcm91z4.cloudfront.net/user_3FS08NDvOnniU88xskYvPiIVl2E/hf_20260930_053453_686700b2-4523-47f6-9360-732da451611c.png
F072_skater_hop.png,F072,skater_hop,Skater Hops,Nia,https://d8j0ntlcm91z4.cloudfront.net/user_3FS08NDvOnniU88xskYvPiIVl2E/hf_20260930_053416_177a8a5e-d847-4d57-9a74-d1bdbeded90b.png
F073_barbell_row.png,F073,barbell_row,Barbell Row,Jalen,https://d8j0ntlcm91z4.cloudfront.net/user_3FS08NDvOnniU88xskYvPiIVl2E/hf_20260930_053617_7cab66c6-44cf-473a-aa42-4911fdf1e346.png
F074_reverse_lunge_knee_drive_hop.png,F074,reverse_lunge_knee_drive_hop,Reverse Lunge to Knee-Drive Hop,Brooke,https://d8j0ntlcm91z4.cloudfront.net/user_3FS08NDvOnniU88xskYvPiIVl2E/hf_20260930_053453_673057b3-950c-4b96-97ae-2d790aa439c6.png
F075_landmine_press_single_arm.png,F075,landmine_press_single_arm,Single-Arm Landmine Press,Zoe,https://d8j0ntlcm91z4.cloudfront.net/user_3FS08NDvOnniU88xskYvPiIVl2E/hf_20260930_053453_794a75e2-c209-46ca-b963-319223bfed48.png
F076_half_kneeling_landmine_press.png,F076,half_kneeling_landmine_press,Half-Kneeling Single-Arm Landmine Press,Maya,https://d8j0ntlcm91z4.cloudfront.net/user_3FS08NDvOnniU88xskYvPiIVl2E/hf_20260930_054303_032f5e4d-046a-4247-84a0-e7d59d452a7c.png
F077_landmine_push_press.png,F077,landmine_push_press,Landmine Push Press,Cole,https://d8j0ntlcm91z4.cloudfront.net/user_3FS08NDvOnniU88xskYvPiIVl2E/hf_20260930_060901_29523c87-4dd1-4ce7-9a72-e98bfb98da44.png
F078_landmine_squat_to_press.png,F078,landmine_squat_to_press,Landmine Squat-to-Press,Brooke,https://d8j0ntlcm91z4.cloudfront.net/user_3FS08NDvOnniU88xskYvPiIVl2E/hf_20260930_054303_29387dc0-a751-4edd-901c-1b57179e76fe.png
F079_reverse_pec_deck.png,F079,reverse_pec_deck,Reverse Pec Deck,Jalen,https://d8j0ntlcm91z4.cloudfront.net/user_3FS08NDvOnniU88xskYvPiIVl2E/hf_20260930_054303_ba424e2d-8c08-44f3-b01b-55449e35aea4.png
F080_barbell_rdl.png,F080,barbell_rdl,Barbell Romanian Deadlift,Nia,https://d8j0ntlcm91z4.cloudfront.net/user_3FS08NDvOnniU88xskYvPiIVl2E/hf_20260930_054349_51e22308-e4fa-4883-b8c5-fcb5bf3e2131.png
F081_dead_bug.png,F081,dead_bug,Dead Bug,Zoe,https://d8j0ntlcm91z4.cloudfront.net/user_3FS08NDvOnniU88xskYvPiIVl2E/hf_20260930_054349_2c9dd3ff-caf5-47db-9c4a-71de0943134e.png
F082_single_arm_lat_pulldown.png,F082,single_arm_lat_pulldown,Single-Arm Lat Pulldown,Cole,https://d8j0ntlcm91z4.cloudfront.net/user_3FS08NDvOnniU88xskYvPiIVl2E/hf_20260930_054349_fe80257d-c90b-4524-9de2-97416dc92259.png
F083_single_leg_leg_press.png,F083,single_leg_leg_press,Single-Leg Leg Press,Maya,https://d8j0ntlcm91z4.cloudfront.net/user_3FS08NDvOnniU88xskYvPiIVl2E/hf_20260930_054349_8b66127a-656b-4a18-97bb-2c2e1bcafc5b.png
F084_db_rdl.png,F084,db_rdl,Dumbbell Romanian Deadlift,Brooke,https://d8j0ntlcm91z4.cloudfront.net/user_3FS08NDvOnniU88xskYvPiIVl2E/hf_20260930_054349_3b8b4804-b214-4b75-96ed-7f4c20c4f158.png
F085_seated_leg_curl.png,F085,seated_leg_curl,Seated Leg Curl,Nia,https://d8j0ntlcm91z4.cloudfront.net/user_3FS08NDvOnniU88xskYvPiIVl2E/hf_20260930_060901_8dab03e0-9be3-4108-bb79-1a2f784336ad.png
F086_waiter_carry.png,F086,waiter_carry,Single-Arm Overhead Carry,Jalen,https://d8j0ntlcm91z4.cloudfront.net/user_3FS08NDvOnniU88xskYvPiIVl2E/hf_20260930_054436_d11ad12d-e29d-4341-9715-9abd49a07263.png
F087_straight_arm_pulldown.png,F087,straight_arm_pulldown,Straight-Arm Pulldown,Zoe,https://d8j0ntlcm91z4.cloudfront.net/user_3FS08NDvOnniU88xskYvPiIVl2E/hf_20260930_054436_78251a77-7b29-437b-bb3e-91aebc09682b.png
F088_db_jumping_jack.png,F088,db_jumping_jack,Dumbbell Lateral-Raise Jacks,Maya,https://d8j0ntlcm91z4.cloudfront.net/user_3FS08NDvOnniU88xskYvPiIVl2E/hf_20260930_054436_523e9110-e8df-45e5-a8f8-a16e9b36286b.png
F089_banded_squat_jump.png,F089,banded_squat_jump,Banded Squat Jump,Brooke,https://d8j0ntlcm91z4.cloudfront.net/user_3FS08NDvOnniU88xskYvPiIVl2E/hf_20260930_054435_ba99326b-e2c2-4ff8-81b1-ca0dff08f753.png
F090_db_bench_press.png,F090,db_bench_press,Dumbbell Bench Press,Cole,https://d8j0ntlcm91z4.cloudfront.net/user_3FS08NDvOnniU88xskYvPiIVl2E/hf_20260930_054521_6ab101c5-cd63-489f-b3a9-a1dd987ecfbb.png
F091_db_snatch.png,F091,db_snatch,Dumbbell Snatch,Nia,https://d8j0ntlcm91z4.cloudfront.net/user_3FS08NDvOnniU88xskYvPiIVl2E/hf_20261003_035524_52880971-704c-404c-99c8-50dd1d5fdf24.png
F092_db_step_up.png,F092,db_step_up,Dumbbell Step-Up,Zoe,https://d8j0ntlcm91z4.cloudfront.net/user_3FS08NDvOnniU88xskYvPiIVl2E/hf_20260930_054521_a7c98cbf-2c43-4fbb-9318-bc25aaf7dd23.png
F093_lateral_lunge.png,F093,lateral_lunge,Lateral Lunge,Maya,https://d8j0ntlcm91z4.cloudfront.net/user_3FS08NDvOnniU88xskYvPiIVl2E/hf_20260930_054521_cc9160a5-9047-43e3-b5aa-1191408a9bd5.png
F094_hang_power_clean.png,F094,hang_power_clean,Hang Power Clean,Jalen,https://d8j0ntlcm91z4.cloudfront.net/user_3FS08NDvOnniU88xskYvPiIVl2E/hf_20260930_054521_1bfb889f-f420-4b18-babf-caebf7fd9ada.png
F095_single_arm_cable_row.png,F095,single_arm_cable_row,Single-Arm Cable Row,Maya,https://d8j0ntlcm91z4.cloudfront.net/user_3FS08NDvOnniU88xskYvPiIVl2E/hf_20260930_060901_65d88005-c650-42c7-9a91-10c06c29f0ae.png
F096_barbell_bench_press.png,F096,barbell_bench_press,Barbell Bench Press,Jalen,https://d8j0ntlcm91z4.cloudfront.net/user_3FS08NDvOnniU88xskYvPiIVl2E/hf_20260930_060901_0a64f00e-129b-4eec-8c85-7a76f8ef134e.png
F097_db_jump_squat.png,F097,db_jump_squat,Dumbbell Jump Squat,Brooke,https://d8j0ntlcm91z4.cloudfront.net/user_3FS08NDvOnniU88xskYvPiIVl2E/hf_20260930_060901_79ca3f60-f403-49db-b4c7-0e2a31c7ce5c.png
F098_neutral_grip_pull_up.png,F098,neutral_grip_pull_up,Neutral-Grip Pull-Up,Zoe,https://d8j0ntlcm91z4.cloudfront.net/user_3FS08NDvOnniU88xskYvPiIVl2E/hf_20260930_063358_ea06d220-ab86-43aa-84a9-4d67897564ca.png
F099_step_up_pop.png,F099,step_up_pop,Explosive Step-Up (Pop),Zoe,https://d8j0ntlcm91z4.cloudfront.net/user_3FS08NDvOnniU88xskYvPiIVl2E/hf_20260930_060948_127178dd-915f-42b7-88f2-d1982698c1ad.png
F100_jump_rope.png,F100,jump_rope,Jump Rope,Nia,https://d8j0ntlcm91z4.cloudfront.net/user_3FS08NDvOnniU88xskYvPiIVl2E/hf_20260930_060948_1ea69bcf-cf0c-4cb3-a350-19a97da154b9.png
F101_lying_leg_curl.png,F101,lying_leg_curl,Lying Leg Curl,Brooke,https://d8j0ntlcm91z4.cloudfront.net/user_3FS08NDvOnniU88xskYvPiIVl2E/hf_20260930_060948_ecb327e8-2efa-46d6-9a7c-e8e9e4aba6c2.png
F102_mb_backward_toss.png,F102,mb_backward_toss,Med-Ball Backward Overhead Toss,Maya,https://d8j0ntlcm91z4.cloudfront.net/user_3FS08NDvOnniU88xskYvPiIVl2E/hf_20260930_060948_dff01a99-7e20-4cbe-88e4-045ebe48154b.png
F103_machine_high_row.png,F103,machine_high_row,Plate-Loaded High Row,Jalen,https://d8j0ntlcm91z4.cloudfront.net/user_3FS08NDvOnniU88xskYvPiIVl2E/hf_20260930_063358_4090fd56-f6eb-4447-ad03-7f9cb0045833.png
F104_single_leg_leg_curl.png,F104,single_leg_leg_curl,Single-Leg Lying Leg Curl,Nia,https://d8j0ntlcm91z4.cloudfront.net/user_3FS08NDvOnniU88xskYvPiIVl2E/hf_20260930_061035_aad589f4-23d2-44fd-bf0f-35498d7c16c1.png
F105_bench_dip.png,F105,bench_dip,Bench Dip,Zoe,https://d8j0ntlcm91z4.cloudfront.net/user_3FS08NDvOnniU88xskYvPiIVl2E/hf_20260930_062026_f044ec10-9f91-4010-adfd-39adc4991903.png
F106_plate_push.png,F106,plate_push,Plate Push,Cole,https://d8j0ntlcm91z4.cloudfront.net/user_3FS08NDvOnniU88xskYvPiIVl2E/hf_20260930_061035_bbdd5719-4e18-4ced-a598-51d7400f5ded.png
F107_power_snatch.png,F107,power_snatch,Power Snatch,Jalen,https://d8j0ntlcm91z4.cloudfront.net/user_3FS08NDvOnniU88xskYvPiIVl2E/hf_20260930_062026_6d0f5d66-dd90-4956-a402-3ea1f5788c16.png
F108_farmer_carry.png,F108,farmer_carry,Farmer Carry,Brooke,https://d8j0ntlcm91z4.cloudfront.net/user_3FS08NDvOnniU88xskYvPiIVl2E/hf_20260930_061121_09e0dc26-4f7e-47eb-bcd0-68cec1d8e7e0.png
F109_heel_elevated_db_squat.png,F109,heel_elevated_db_squat,Heel-Elevated Dumbbell Squat,Zoe,https://d8j0ntlcm91z4.cloudfront.net/user_3FS08NDvOnniU88xskYvPiIVl2E/hf_20260930_061121_e18efee9-17f6-4dd2-af72-1ed82a32d000.png
F110_single_arm_db_row.png,F110,single_arm_db_row,Single-Arm Dumbbell Row,Cole,https://d8j0ntlcm91z4.cloudfront.net/user_3FS08NDvOnniU88xskYvPiIVl2E/hf_20260930_061122_602bd0a6-33f8-4966-934c-ded1ceef98b4.png
F111_speed_trap_bar_deadlift.png,F111,speed_trap_bar_deadlift,Speed Trap-Bar Deadlift,Maya,https://d8j0ntlcm91z4.cloudfront.net/user_3FS08NDvOnniU88xskYvPiIVl2E/hf_20260930_061121_257aadcc-13c5-4a90-9a6b-4af9f016e9a8.png
F112_suspension_row.png,F112,suspension_row,Suspension Trainer Row,Nia,https://d8j0ntlcm91z4.cloudfront.net/user_3FS08NDvOnniU88xskYvPiIVl2E/hf_20260930_061121_790a1c4b-2784-4998-963a-570ec6c1ed32.png
F113_band_pull_apart.png,F113,band_pull_apart,Band Pull-Apart,Zoe,https://d8j0ntlcm91z4.cloudfront.net/user_3FS08NDvOnniU88xskYvPiIVl2E/hf_20260930_062049_32b51f4d-9302-4c1e-85e7-a31f9fb6a753.png
F114_consecutive_broad_jump.png,F114,consecutive_broad_jump,Consecutive Broad Jumps,Brooke,https://d8j0ntlcm91z4.cloudfront.net/user_3FS08NDvOnniU88xskYvPiIVl2E/hf_20260930_062128_dfd19c29-3ddc-4443-8c1e-deef594aa445.png
F115_db_squat_to_press.png,F115,db_squat_to_press,Dumbbell Squat-to-Press,Cole,https://d8j0ntlcm91z4.cloudfront.net/user_3FS08NDvOnniU88xskYvPiIVl2E/hf_20260930_062128_eddf6be9-4794-4200-8607-a89d03597a36.png
F116_frog_pump.png,F116,frog_pump,Frog Pump,Maya,https://d8j0ntlcm91z4.cloudfront.net/user_3FS08NDvOnniU88xskYvPiIVl2E/hf_20260930_063357_7d59f8fc-f99a-4b2c-b620-8c27eb2bacca.png
F117_kb_clean_and_press.png,F117,kb_clean_and_press,Kettlebell Clean and Press,Nia,https://d8j0ntlcm91z4.cloudfront.net/user_3FS08NDvOnniU88xskYvPiIVl2E/hf_20260930_062129_7ce022d7-bebb-4bf0-9723-517955d9790b.png
F118_landmine_split_jerk.png,F118,landmine_split_jerk,Landmine Split Jerk,Jalen,https://d8j0ntlcm91z4.cloudfront.net/user_3FS08NDvOnniU88xskYvPiIVl2E/hf_20260930_062129_6a10ca05-99f0-41ee-bc99-f380e80533ea.png
F119_lateral_single_leg_hop.png,F119,lateral_single_leg_hop,Lateral Single-Leg Hop to Stick,Zoe,https://d8j0ntlcm91z4.cloudfront.net/user_3FS08NDvOnniU88xskYvPiIVl2E/hf_20260930_062214_16b57abe-7bed-405e-9cc6-6aa5ea078c83.png
F120_pogo_to_box_jump.png,F120,pogo_to_box_jump,Pogo to Box Jump,Maya,https://d8j0ntlcm91z4.cloudfront.net/user_3FS08NDvOnniU88xskYvPiIVl2E/hf_20260930_062214_293fbb4a-ee93-4c26-9b65-915043a82c42.png
F121_split_jerk.png,F121,split_jerk,Split Jerk,Cole,https://d8j0ntlcm91z4.cloudfront.net/user_3FS08NDvOnniU88xskYvPiIVl2E/hf_20260930_062214_44f8078c-f2db-445a-85ea-36201ba30303.png
F122_stair_climber.png,F122,stair_climber,Stair Climber,Nia,https://d8j0ntlcm91z4.cloudfront.net/user_3FS08NDvOnniU88xskYvPiIVl2E/hf_20260930_062214_504b15c7-2459-42eb-80c5-05d31e2d19f4.png
F123_walking_lunge.png,F123,walking_lunge,Walking Lunge,Zoe,https://d8j0ntlcm91z4.cloudfront.net/user_3FS08NDvOnniU88xskYvPiIVl2E/hf_20260930_062215_1e39f30d-dc17-4b62-8568-406e143afe78.png
F124_alternating_bound.png,F124,alternating_bound,Alternating Bound,Brooke,https://d8j0ntlcm91z4.cloudfront.net/user_3FS08NDvOnniU88xskYvPiIVl2E/hf_20260930_062304_88b4b086-3f11-491b-bd4c-6b525ff58d8c.png
F125_cable_glute_kickback.png,F125,cable_glute_kickback,Cable Glute Kickback,Maya,https://d8j0ntlcm91z4.cloudfront.net/user_3FS08NDvOnniU88xskYvPiIVl2E/hf_20260930_062304_35ed58f6-3f0c-4b7d-89f4-3d3e7907b446.png
F126_split_jump.png,F126,split_jump,Split-Squat Jump,Zoe,https://d8j0ntlcm91z4.cloudfront.net/user_3FS08NDvOnniU88xskYvPiIVl2E/hf_20260930_062304_3fbfc69b-36a5-4bb3-8214-5644e62996c6.png
F127_banded_lateral_bound.png,F127,banded_lateral_bound,Banded Lateral Bound,Nia,https://d8j0ntlcm91z4.cloudfront.net/user_3FS08NDvOnniU88xskYvPiIVl2E/hf_20260930_062304_f6dbe7ff-3924-4d75-8acd-c17f5014ef05.png
F128_hang_clean_to_box_knee_drive.png,F128,hang_clean_to_box_knee_drive,Hang Clean to Box Knee Drive,Jalen,https://d8j0ntlcm91z4.cloudfront.net/user_3FS08NDvOnniU88xskYvPiIVl2E/hf_20260930_063445_685d1053-9d13-4e11-966f-01805f3e2b21.png
F129_mb_scoop_toss.png,F129,mb_scoop_toss,Med-Ball Scoop Toss,Brooke,https://d8j0ntlcm91z4.cloudfront.net/user_3FS08NDvOnniU88xskYvPiIVl2E/hf_20260930_153120_062e5209-3906-4ece-b888-7e2c21cc4a6f.png
F130_standing_single_leg_curl.png,F130,standing_single_leg_curl,Standing Single-Leg Curl,Zoe,https://d8j0ntlcm91z4.cloudfront.net/user_3FS08NDvOnniU88xskYvPiIVl2E/hf_20260930_063533_3e45105c-5096-4355-9181-d6d8a71b6010.png
F131_mb_step_behind_throw.png,F131,mb_step_behind_throw,Step-Behind Rotational Throw,Nia,https://d8j0ntlcm91z4.cloudfront.net/user_3FS08NDvOnniU88xskYvPiIVl2E/hf_20260930_064728_e2ce5c2d-bfbd-4fbb-a4f2-13198d91e4fd.png
F132_band_assisted_muscle_up.png,F132,band_assisted_muscle_up,Band-Assisted Muscle-Up,Maya,https://d8j0ntlcm91z4.cloudfront.net/user_3FS08NDvOnniU88xskYvPiIVl2E/hf_20260930_154300_d3383b09-a4bf-49e6-aa5b-5d6c59a97693.png
F133_banded_broad_jump.png,F133,banded_broad_jump,Banded Broad Jump,Zoe,https://d8j0ntlcm91z4.cloudfront.net/user_3FS08NDvOnniU88xskYvPiIVl2E/hf_20260930_065100_c3e3e2e4-f6d7-41a3-bc8d-9affe0adacb8.png
F134_single_leg_hop.png,F134,single_leg_hop,Single-Leg Hop to Stick,Maya,https://d8j0ntlcm91z4.cloudfront.net/user_3FS08NDvOnniU88xskYvPiIVl2E/hf_20260930_063533_804126a8-1dbf-4ba8-aa78-a0031a9e5929.png
F135_bar_muscle_up.png,F135,bar_muscle_up,Bar Muscle-Up,Cole,https://d8j0ntlcm91z4.cloudfront.net/user_3FS08NDvOnniU88xskYvPiIVl2E/hf_20260930_063742_3210e052-5498-44c3-8eab-9262d7a9f1a0.png
F136_bent_over_db_row.png,F136,bent_over_db_row,Bent-Over Dumbbell Row (Two-Arm),Brooke,https://d8j0ntlcm91z4.cloudfront.net/user_3FS08NDvOnniU88xskYvPiIVl2E/hf_20260930_063533_3be30c81-e82d-4845-b51a-29818d3d7f53.png
F137_broad_jump_to_vertical.png,F137,broad_jump_to_vertical,Broad Jump to Vertical Jump,Zoe,https://d8j0ntlcm91z4.cloudfront.net/user_3FS08NDvOnniU88xskYvPiIVl2E/hf_20260930_063533_8fda0a0e-f0c5-4309-baea-979c31338360.png
F138_reactive_vertical_jump.png,F138,reactive_vertical_jump,Continuous Vertical Jumps,Nia,https://d8j0ntlcm91z4.cloudfront.net/user_3FS08NDvOnniU88xskYvPiIVl2E/hf_20260930_063741_068a79e3-afc3-49af-9189-bcb9a76bc55a.png
F139_hammer_curl.png,F139,hammer_curl,Hammer Curl,Jalen,https://d8j0ntlcm91z4.cloudfront.net/user_3FS08NDvOnniU88xskYvPiIVl2E/hf_20260930_063741_1573960a-91b5-4ce2-b498-ce47ef38bfdc.png
F140_high_cable_curl.png,F140,high_cable_curl,High Cable Curl,Maya,https://d8j0ntlcm91z4.cloudfront.net/user_3FS08NDvOnniU88xskYvPiIVl2E/hf_20260930_064704_955eef6b-c4e8-45a4-80fc-5a44d4586554.png
F141_machine_glute_kickback.png,F141,machine_glute_kickback,Machine Glute Kickback,Zoe,https://d8j0ntlcm91z4.cloudfront.net/user_3FS08NDvOnniU88xskYvPiIVl2E/hf_20260930_064728_b55d8bce-1aee-480d-bb5b-5e66e9905dc0.png
F142_pogo_hop.png,F142,pogo_hop,Pogo Jumps,Brooke,https://d8j0ntlcm91z4.cloudfront.net/user_3FS08NDvOnniU88xskYvPiIVl2E/hf_20260930_063821_5b561cd0-53a2-4644-a27c-1179f3c15d1b.png
F143_single_leg_box_jump.png,F143,single_leg_box_jump,Single-Leg Box Jump,Nia,https://d8j0ntlcm91z4.cloudfront.net/user_3FS08NDvOnniU88xskYvPiIVl2E/hf_20260930_064727_2848a165-794f-4e74-8b2d-ce1e9dcc7235.png
F144_zottman_curl.png,F144,zottman_curl,Zottman Curl,Cole,https://d8j0ntlcm91z4.cloudfront.net/user_3FS08NDvOnniU88xskYvPiIVl2E/hf_20260930_063821_a799209a-c9bc-4568-9e87-bf9cca04ede0.png
F145_db_alternating_curl.png,F145,db_alternating_curl,Alternating Dumbbell Curl,Brooke,https://d8j0ntlcm91z4.cloudfront.net/user_3FS08NDvOnniU88xskYvPiIVl2E/hf_20260930_064758_a725e346-239b-4b78-97ab-045a5cba4a9b.png
F146_barbell_hip_thrust.png,F146,barbell_hip_thrust,Barbell Hip Thrust,Zoe,https://d8j0ntlcm91z4.cloudfront.net/user_3FS08NDvOnniU88xskYvPiIVl2E/hf_20261001_175052_4522ef3a-4196-4366-8595-829456ee66fc.png
F147_cable_curl.png,F147,cable_curl,Cable Curl,Jalen,https://d8j0ntlcm91z4.cloudfront.net/user_3FS08NDvOnniU88xskYvPiIVl2E/hf_20260930_064758_e1ae8192-6b3f-4d0a-a0c5-5f301e1b48f3.png
F148_db_hang_power_clean.png,F148,db_hang_power_clean,Dumbbell Hang Power Clean,Cole,https://d8j0ntlcm91z4.cloudfront.net/user_3FS08NDvOnniU88xskYvPiIVl2E/hf_20260930_153121_c814edc0-a6fc-43fd-844c-b4b03f08566f.png
F149_db_step_up_pop.png,F149,db_step_up_pop,Dumbbell Step-Up with Pop,Nia,https://d8j0ntlcm91z4.cloudfront.net/user_3FS08NDvOnniU88xskYvPiIVl2E/hf_20260930_153404_e93b9f82-8ce7-4364-a6b3-df225aed787e.png
F150_landmine_rotational_clean_press.png,F150,landmine_rotational_clean_press,Landmine Rotational Clean and Press,Jalen,https://d8j0ntlcm91z4.cloudfront.net/user_3FS08NDvOnniU88xskYvPiIVl2E/hf_20260930_064831_b0a82ae7-148a-4753-b03d-a0203762813b.png
F151_lateral_bound_to_box_jump.png,F151,lateral_bound_to_box_jump,Lateral Bound to Box Jump,Maya,https://d8j0ntlcm91z4.cloudfront.net/user_3FS08NDvOnniU88xskYvPiIVl2E/hf_20260930_154300_5692e9d3-b4e8-47fd-ab13-916eb6df6e8e.png
F152_speed_box_squat.png,F152,speed_box_squat,Speed Box Squat,Brooke,https://d8j0ntlcm91z4.cloudfront.net/user_3FS08NDvOnniU88xskYvPiIVl2E/hf_20260930_064830_7744cdbc-944a-4940-985f-3787edadf78c.png
F153_t_bar_row.png,F153,t_bar_row,T-Bar Row,Cole,https://d8j0ntlcm91z4.cloudfront.net/user_3FS08NDvOnniU88xskYvPiIVl2E/hf_20260930_153154_918bfd9e-a36e-4905-9a58-9a9ddfa50927.png
F154_back_extension_45.png,F154,back_extension_45,45° Back Extension,Zoe,https://d8j0ntlcm91z4.cloudfront.net/user_3FS08NDvOnniU88xskYvPiIVl2E/hf_20260930_064829_d7da0dbc-f968-4367-9cd8-22ff5cb69dc0.png
F155_a_march.png,F155,a_march,A-March,Zoe,https://d8j0ntlcm91z4.cloudfront.net/user_3FS08NDvOnniU88xskYvPiIVl2E/hf_20260930_065032_6e2d9a3a-1c83-4c64-9a5a-ae0085bbe38c.png
F156_a_skip.png,F156,a_skip,A-Skip,Nia,https://d8j0ntlcm91z4.cloudfront.net/user_3FS08NDvOnniU88xskYvPiIVl2E/hf_20260930_064900_4f71b986-835d-47e5-b5b1-82a81a6b2c97.png
F157_ab_wheel_rollout.png,F157,ab_wheel_rollout,Ab Wheel Rollout,Jalen,https://d8j0ntlcm91z4.cloudfront.net/user_3FS08NDvOnniU88xskYvPiIVl2E/hf_20260930_064859_cbeab751-57fd-4322-9e12-626c43cd17db.png
F158_air_squat.png,F158,air_squat,Air Squat,Brooke,https://d8j0ntlcm91z4.cloudfront.net/user_3FS08NDvOnniU88xskYvPiIVl2E/hf_20260930_064900_0053c878-78ec-4cd4-b0e2-eadab7dc1942.png
F159_arnold_press.png,F159,arnold_press,Arnold Press,Maya,https://d8j0ntlcm91z4.cloudfront.net/user_3FS08NDvOnniU88xskYvPiIVl2E/hf_20260930_065300_7527a7b4-d190-4d3e-bd6b-74f4bfe1d2ac.png
F160_assisted_dip_triceps.png,F160,assisted_dip_triceps,Assisted Dip (Triceps Bias),Cole,https://d8j0ntlcm91z4.cloudfront.net/user_3FS08NDvOnniU88xskYvPiIVl2E/hf_20260930_064929_9e702429-cb1a-4dfa-8adb-b86a43afdc0f.png
F161_b_stance_hip_thrust.png,F161,b_stance_hip_thrust,B-Stance Hip Thrust,Zoe,https://d8j0ntlcm91z4.cloudfront.net/user_3FS08NDvOnniU88xskYvPiIVl2E/hf_20260930_070225_75f62cdd-8981-43db-add2-53d1490d12cf.png
F162_banded_lateral_walk.png,F162,banded_lateral_walk,Banded Lateral Walk,Brooke,https://d8j0ntlcm91z4.cloudfront.net/user_3FS08NDvOnniU88xskYvPiIVl2E/hf_20260930_064929_c5b6d655-f922-4190-a00d-a757041b27f4.png
F163_barbell_glute_bridge.png,F163,barbell_glute_bridge,Barbell Glute Bridge,Maya,https://d8j0ntlcm91z4.cloudfront.net/user_3FS08NDvOnniU88xskYvPiIVl2E/hf_20260930_160318_3812ada2-94b4-4c82-ade5-07336ac66c48.png
F164_good_morning.png,F164,good_morning,Barbell Good Morning,Cole,https://d8j0ntlcm91z4.cloudfront.net/user_3FS08NDvOnniU88xskYvPiIVl2E/hf_20260930_065032_391d852e-9095-4576-a374-4b0a1d6b62b1.png
F165_barbell_incline_press.png,F165,barbell_incline_press,Barbell Incline Press,Jalen,https://d8j0ntlcm91z4.cloudfront.net/user_3FS08NDvOnniU88xskYvPiIVl2E/hf_20260930_153154_1d7bb980-f090-4f3e-8537-ff9e45df7c11.png
F166_barbell_overhead_press.png,F166,barbell_overhead_press,Barbell Overhead Press,Zoe,https://d8j0ntlcm91z4.cloudfront.net/user_3FS08NDvOnniU88xskYvPiIVl2E/hf_20260930_065032_f01a11ae-9be9-4f94-a393-e1d2f95b6a05.png
F167_barbell_thruster.png,F167,barbell_thruster,Barbell Thruster,Nia,https://d8j0ntlcm91z4.cloudfront.net/user_3FS08NDvOnniU88xskYvPiIVl2E/hf_20260930_153154_b33aa53f-1326-4427-8c98-432c1251a337.png
F168_battle_rope_waves.png,F168,battle_rope_waves,Battle Rope Waves,Brooke,https://d8j0ntlcm91z4.cloudfront.net/user_3FS08NDvOnniU88xskYvPiIVl2E/hf_20260930_065100_7a7fc7c9-9a8d-48a1-baec-c82c94b93a94.png
F169_cable_crunch.png,F169,cable_crunch,Cable Crunch,Maya,https://d8j0ntlcm91z4.cloudfront.net/user_3FS08NDvOnniU88xskYvPiIVl2E/hf_20260930_065100_98c93856-91f0-444b-969b-678041129491.png
F170_cable_fly.png,F170,cable_fly,Cable Fly,Jalen,https://d8j0ntlcm91z4.cloudfront.net/user_3FS08NDvOnniU88xskYvPiIVl2E/hf_20260930_065100_082989d7-2dd6-4218-865c-50a80d0a7e7a.png
F171_cable_front_raise.png,F171,cable_front_raise,Cable Front Raise,Zoe,https://d8j0ntlcm91z4.cloudfront.net/user_3FS08NDvOnniU88xskYvPiIVl2E/hf_20260930_065126_a677f6b9-b1ac-40c4-86c7-e513fd67a28b.png
F172_cable_lateral_raise.png,F172,cable_lateral_raise,Cable Lateral Raise,Nia,https://d8j0ntlcm91z4.cloudfront.net/user_3FS08NDvOnniU88xskYvPiIVl2E/hf_20260930_153229_f0dfee2b-89eb-4466-9507-8f1d25c64ddf.png
F173_cable_pull_through.png,F173,cable_pull_through,Cable Pull-Through,Brooke,https://d8j0ntlcm91z4.cloudfront.net/user_3FS08NDvOnniU88xskYvPiIVl2E/hf_20260930_154300_5d4cf352-22eb-4063-b433-a5639b1a0dcc.png
F174_cable_triceps_kickback.png,F174,cable_triceps_kickback,Cable Triceps Kickback,Maya,https://d8j0ntlcm91z4.cloudfront.net/user_3FS08NDvOnniU88xskYvPiIVl2E/hf_20260930_153753_7076a554-217e-4949-846f-418c17a9c1fb.png
F175_cable_pressdown.png,F175,cable_pressdown,Cable Triceps Pressdown,Cole,https://d8j0ntlcm91z4.cloudfront.net/user_3FS08NDvOnniU88xskYvPiIVl2E/hf_20260930_065126_0245743a-e211-4fd7-b408-a6f69101216e.png
F176_cable_wood_chop.png,F176,cable_wood_chop,Cable Wood Chop,Zoe,https://d8j0ntlcm91z4.cloudfront.net/user_3FS08NDvOnniU88xskYvPiIVl2E/hf_20260930_065155_06dbd5db-11d2-4589-b1f7-886eef0ea841.png
F177_captains_chair_knee_raise.png,F177,captains_chair_knee_raise,Captain's Chair Knee Raise,Jalen,https://d8j0ntlcm91z4.cloudfront.net/user_3FS08NDvOnniU88xskYvPiIVl2E/hf_20260930_065155_a5007063-1477-473e-b13b-ee1f84d71dc3.png
F178_chest_supported_rear_delt_row.png,F178,chest_supported_rear_delt_row,Chest-Supported Rear-Delt Row,Maya,https://d8j0ntlcm91z4.cloudfront.net/user_3FS08NDvOnniU88xskYvPiIVl2E/hf_20260930_065656_5e640501-cf70-4ccf-bd22-e56e6683689e.png
F179_close_grip_bench_press.png,F179,close_grip_bench_press,Close-Grip Bench Press,Cole,https://d8j0ntlcm91z4.cloudfront.net/user_3FS08NDvOnniU88xskYvPiIVl2E/hf_20260930_070225_049462ee-2a51-404a-9ea6-3a2da3e81a55.png
F180_conventional_deadlift.png,F180,conventional_deadlift,Conventional Deadlift,Brooke,https://d8j0ntlcm91z4.cloudfront.net/user_3FS08NDvOnniU88xskYvPiIVl2E/hf_20260930_065155_abb6baec-5b70-4b94-ab56-173a90b1d473.png
F181_copenhagen_plank.png,F181,copenhagen_plank,Copenhagen Plank,Nia,https://d8j0ntlcm91z4.cloudfront.net/user_3FS08NDvOnniU88xskYvPiIVl2E/hf_20260930_065300_07dc1552-07a6-40b4-9ef7-9e44671dcc8a.png
F182_cross_body_cable_triceps_extension.png,F182,cross_body_cable_triceps_extension,Cross-Body Cable Triceps Extension,Jalen,https://d8j0ntlcm91z4.cloudfront.net/user_3FS08NDvOnniU88xskYvPiIVl2E/hf_20260930_065300_a686ebcd-e91c-4475-9710-72dd37d0a6cd.png
F183_curl_to_arnold_press.png,F183,curl_to_arnold_press,Curl to Arnold Press,Zoe,https://d8j0ntlcm91z4.cloudfront.net/user_3FS08NDvOnniU88xskYvPiIVl2E/hf_20260930_065300_bb9af607-d233-451d-9151-b23d472fb43a.png
F184_decline_sit_up.png,F184,decline_sit_up,Decline Sit-Up,Maya,https://d8j0ntlcm91z4.cloudfront.net/user_3FS08NDvOnniU88xskYvPiIVl2E/hf_20260930_065330_910be9d3-945a-4008-bbbc-bf12ac76f1eb.png
F185_deficit_push_up.png,F185,deficit_push_up,Deficit Push-Up (Handles),Cole,https://d8j0ntlcm91z4.cloudfront.net/user_3FS08NDvOnniU88xskYvPiIVl2E/hf_20260930_065330_1860d635-5adf-47fc-b5bc-e8d524838588.png
F186_diamond_push_up.png,F186,diamond_push_up,Diamond Push-Up,Brooke,https://d8j0ntlcm91z4.cloudfront.net/user_3FS08NDvOnniU88xskYvPiIVl2E/hf_20260930_065330_14751960-afc5-42ee-b933-5f2afa53e9b0.png
F187_dragon_flag.png,F187,dragon_flag,Dragon Flag,Jalen,https://d8j0ntlcm91z4.cloudfront.net/user_3FS08NDvOnniU88xskYvPiIVl2E/hf_20260930_160248_1be538ff-2fca-464d-8751-27b9b2cd4ce2.png
F188_drop_jump.png,F188,drop_jump,Drop Jump,Zoe,https://d8j0ntlcm91z4.cloudfront.net/user_3FS08NDvOnniU88xskYvPiIVl2E/hf_20260930_065330_ac5e2685-9599-4589-a9a1-c26e7ee5e586.png
F189_db_clean_to_press.png,F189,db_clean_to_press,Dumbbell Clean to Press,Nia,https://d8j0ntlcm91z4.cloudfront.net/user_3FS08NDvOnniU88xskYvPiIVl2E/hf_20260930_065358_566b1b80-e641-4948-97fe-8a9ab320283e.png
F190_db_fly.png,F190,db_fly,Dumbbell Fly,Cole,https://d8j0ntlcm91z4.cloudfront.net/user_3FS08NDvOnniU88xskYvPiIVl2E/hf_20260930_065358_475fac7b-2f90-4f2b-8e5f-d87fb4eca2a0.png
F191_db_hip_thrust.png,F191,db_hip_thrust,Dumbbell Hip Thrust,Brooke,https://d8j0ntlcm91z4.cloudfront.net/user_3FS08NDvOnniU88xskYvPiIVl2E/hf_20260930_070225_df6dee6e-b472-4561-b6bc-c1ed6310fd6a.png
F192_db_lateral_raise.png,F192,db_lateral_raise,Dumbbell Lateral Raise,Maya,https://d8j0ntlcm91z4.cloudfront.net/user_3FS08NDvOnniU88xskYvPiIVl2E/hf_20260930_065358_876b7932-a58e-453c-98d9-7a88360054fd.png
F193_db_overhead_extension.png,F193,db_overhead_extension,Dumbbell Overhead Triceps Extension,Zoe,https://d8j0ntlcm91z4.cloudfront.net/user_3FS08NDvOnniU88xskYvPiIVl2E/hf_20260930_065455_5e7862e5-918c-447d-b89f-d1916f3f93c3.png
F194_db_rear_delt_fly.png,F194,db_rear_delt_fly,Dumbbell Rear-Delt Fly,Jalen,https://d8j0ntlcm91z4.cloudfront.net/user_3FS08NDvOnniU88xskYvPiIVl2E/hf_20260930_065455_cda64595-9428-45c1-a79a-fe3881ff9d6e.png
F195_db_skull_crusher.png,F195,db_skull_crusher,Dumbbell Skull Crusher,Brooke,https://d8j0ntlcm91z4.cloudfront.net/user_3FS08NDvOnniU88xskYvPiIVl2E/hf_20260930_065456_db92d9e3-7b30-4041-aace-59bb270113c1.png
F196_db_thruster.png,F196,db_thruster,Dumbbell Thruster,Maya,https://d8j0ntlcm91z4.cloudfront.net/user_3FS08NDvOnniU88xskYvPiIVl2E/hf_20260930_065455_e1155a46-bd85-43fb-98ec-5c53787f32d0.png
F197_ez_reverse_curl.png,F197,ez_reverse_curl,EZ-Bar Reverse Curl,Cole,https://d8j0ntlcm91z4.cloudfront.net/user_3FS08NDvOnniU88xskYvPiIVl2E/hf_20260930_065455_6d0f893e-9182-45f0-8a6a-aea61a05b291.png
F198_ez_skull_crusher.png,F198,ez_skull_crusher,EZ-Bar Skull Crusher,Nia,https://d8j0ntlcm91z4.cloudfront.net/user_3FS08NDvOnniU88xskYvPiIVl2E/hf_20260930_154331_92e4e490-522f-4d32-8f18-098157dc3cfe.png
F199_face_pull.png,F199,face_pull,Face Pull,Zoe,https://d8j0ntlcm91z4.cloudfront.net/user_3FS08NDvOnniU88xskYvPiIVl2E/hf_20260930_153753_2b4f013b-7203-4284-ad11-30abb0d5c307.png
F200_face_pull_to_external_rotation.png,F200,face_pull_to_external_rotation,Face Pull to External Rotation,Jalen,https://d8j0ntlcm91z4.cloudfront.net/user_3FS08NDvOnniU88xskYvPiIVl2E/hf_20260930_160248_9fca7d7f-99a6-4269-becf-bf81797659f1.png
F201_hack_squat_calf_raise.png,F201,hack_squat_calf_raise,Hack Squat Machine Calf Raise,Brooke,https://d8j0ntlcm91z4.cloudfront.net/user_3FS08NDvOnniU88xskYvPiIVl2E/hf_20260930_065524_9d1701d5-48bc-41f1-93be-21d5f659de1d.png
F202_hanging_knee_raise.png,F202,hanging_knee_raise,Hanging Knee Raise,Maya,https://d8j0ntlcm91z4.cloudfront.net/user_3FS08NDvOnniU88xskYvPiIVl2E/hf_20260930_065525_b653e48a-d1d4-4248-89fa-d21c0a5ae984.png
F203_hanging_leg_raise.png,F203,hanging_leg_raise,Hanging Leg Raise,Cole,https://d8j0ntlcm91z4.cloudfront.net/user_3FS08NDvOnniU88xskYvPiIVl2E/hf_20260930_065552_abca2730-025b-4919-abf4-fcc41f07ccbe.png
F204_high_knees.png,F204,high_knees,High Knees,Nia,https://d8j0ntlcm91z4.cloudfront.net/user_3FS08NDvOnniU88xskYvPiIVl2E/hf_20260930_065553_2a892627-c1de-43fd-b2e0-88c0d33c1ea5.png
F205_hip_abduction_machine.png,F205,hip_abduction_machine,Hip Abduction Machine,Zoe,https://d8j0ntlcm91z4.cloudfront.net/user_3FS08NDvOnniU88xskYvPiIVl2E/hf_20260930_153902_77b5c329-8e64-4248-b53d-bc8bcec1b799.png
F206_hip_adduction_machine.png,F206,hip_adduction_machine,Hip Adduction Machine,Brooke,https://d8j0ntlcm91z4.cloudfront.net/user_3FS08NDvOnniU88xskYvPiIVl2E/hf_20260930_065553_30ed7b4b-6bbf-45e8-8656-a039ca65033c.png
F207_hollow_hold.png,F207,hollow_hold,Hollow Body Hold,Maya,https://d8j0ntlcm91z4.cloudfront.net/user_3FS08NDvOnniU88xskYvPiIVl2E/hf_20260930_065552_4dce4b9b-d93f-404b-927a-5262751b87d0.png
F208_db_incline_press.png,F208,db_incline_press,Incline Dumbbell Press,Nia,https://d8j0ntlcm91z4.cloudfront.net/user_3FS08NDvOnniU88xskYvPiIVl2E/hf_20260930_065655_b64191a8-f723-419a-830e-8b1f95471415.png
F209_treadmill_incline_walk.png,F209,treadmill_incline_walk,Incline Treadmill Walk,Zoe,https://d8j0ntlcm91z4.cloudfront.net/user_3FS08NDvOnniU88xskYvPiIVl2E/hf_20260930_065818_a7ec64b6-15e5-45f3-8fae-fe4839bdc7ea.png
F210_jm_press.png,F210,jm_press,JM Press,Jalen,https://d8j0ntlcm91z4.cloudfront.net/user_3FS08NDvOnniU88xskYvPiIVl2E/hf_20260930_153825_d99e7e99-0800-4354-8519-88088a225b28.png
F211_jump_squat.png,F211,jump_squat,Jump Squat,Brooke,https://d8j0ntlcm91z4.cloudfront.net/user_3FS08NDvOnniU88xskYvPiIVl2E/hf_20260930_065723_8cb8537b-2361-4e47-b6db-482a13004455.png
F212_jumping_jack.png,F212,jumping_jack,Jumping Jacks,Maya,https://d8j0ntlcm91z4.cloudfront.net/user_3FS08NDvOnniU88xskYvPiIVl2E/hf_20260930_065723_167d967b-0ef7-45ea-8284-69abf0dc7f2f.png
F213_landmine_rotation.png,F213,landmine_rotation,Landmine Rotation,Cole,https://d8j0ntlcm91z4.cloudfront.net/user_3FS08NDvOnniU88xskYvPiIVl2E/hf_20260930_065818_6997d48b-77da-4818-b440-80aa542a7e30.png
F214_lateral_step_up.png,F214,lateral_step_up,Lateral Step-Up,Zoe,https://d8j0ntlcm91z4.cloudfront.net/user_3FS08NDvOnniU88xskYvPiIVl2E/hf_20260930_065818_cd637a82-f4c9-46a8-877d-d0aef1c47b4a.png
F215_lean_away_cable_lateral_raise.png,F215,lean_away_cable_lateral_raise,Lean-Away Cable Lateral Raise,Nia,https://d8j0ntlcm91z4.cloudfront.net/user_3FS08NDvOnniU88xskYvPiIVl2E/hf_20260930_065819_c2a92197-09bc-48aa-ba2c-2fc8a27081bf.png
F216_leg_press_calf_raise.png,F216,leg_press_calf_raise,Leg Press Calf Raise,Brooke,https://d8j0ntlcm91z4.cloudfront.net/user_3FS08NDvOnniU88xskYvPiIVl2E/hf_20260930_065819_76fe7c5d-590d-4eb3-831a-ee2411a41582.png
F217_leg_swings.png,F217,leg_swings,Leg Swings,Maya,https://d8j0ntlcm91z4.cloudfront.net/user_3FS08NDvOnniU88xskYvPiIVl2E/hf_20260930_065847_80afc2d4-5074-4293-96d2-71bf3a7deb6d.png
F218_low_to_high_cable_fly.png,F218,low_to_high_cable_fly,Low-to-High Cable Fly,Jalen,https://d8j0ntlcm91z4.cloudfront.net/user_3FS08NDvOnniU88xskYvPiIVl2E/hf_20260930_065847_5df1f3fa-9951-4098-ae54-9ac8610ff2b5.png
F219_lu_raise.png,F219,lu_raise,Lu Raise,Zoe,https://d8j0ntlcm91z4.cloudfront.net/user_3FS08NDvOnniU88xskYvPiIVl2E/hf_20260930_065848_8bd981f2-f8b4-4907-94e1-ea0ac4d21d9e.png
F220_machine_chest_press.png,F220,machine_chest_press,Machine Chest Press,Cole,https://d8j0ntlcm91z4.cloudfront.net/user_3FS08NDvOnniU88xskYvPiIVl2E/hf_20260930_153825_4cf74502-c0d4-458d-a1df-be3b5bfcd117.png
F221_machine_crunch.png,F221,machine_crunch,Machine Crunch,Nia,https://d8j0ntlcm91z4.cloudfront.net/user_3FS08NDvOnniU88xskYvPiIVl2E/hf_20260930_161325_d1e60b75-ca1e-4099-8947-ea8e58833d21.png
F222_machine_hip_thrust.png,F222,machine_hip_thrust,Machine Hip Thrust,Brooke,https://d8j0ntlcm91z4.cloudfront.net/user_3FS08NDvOnniU88xskYvPiIVl2E/hf_20260930_065916_1d2e32c1-9777-43c1-bec9-5f8fa75b7d9a.png
F223_machine_lateral_raise.png,F223,machine_lateral_raise,Machine Lateral Raise,Maya,https://d8j0ntlcm91z4.cloudfront.net/user_3FS08NDvOnniU88xskYvPiIVl2E/hf_20260930_161325_37b0da09-ca31-4150-8672-5c5f3f158261.png
F224_machine_low_row.png,F224,machine_low_row,Machine Low Row,Jalen,https://d8j0ntlcm91z4.cloudfront.net/user_3FS08NDvOnniU88xskYvPiIVl2E/hf_20260930_065916_556160a4-23c2-49a7-a8a4-e2dfb923076d.png
F225_machine_shoulder_press.png,F225,machine_shoulder_press,Machine Shoulder Press,Zoe,https://d8j0ntlcm91z4.cloudfront.net/user_3FS08NDvOnniU88xskYvPiIVl2E/hf_20260930_065916_9d634d40-66a9-46c3-9578-ed4e2bcf122a.png
F226_machine_triceps_extension.png,F226,machine_triceps_extension,Machine Triceps Extension,Cole,https://d8j0ntlcm91z4.cloudfront.net/user_3FS08NDvOnniU88xskYvPiIVl2E/hf_20260930_065916_b5808ab3-0f0d-46e7-9b1f-d5b95ed5f7b6.png
F227_mountain_climber.png,F227,mountain_climber,Mountain Climber,Brooke,https://d8j0ntlcm91z4.cloudfront.net/user_3FS08NDvOnniU88xskYvPiIVl2E/hf_20260930_070023_36e50bda-be16-4227-b624-420a3fe962e9.png
F228_nordic_curl.png,F228,nordic_curl,Nordic Hamstring Curl,Jalen,https://d8j0ntlcm91z4.cloudfront.net/user_3FS08NDvOnniU88xskYvPiIVl2E/hf_20260930_070023_686a140f-706b-4bd3-ab56-44d412a90dce.png
F229_overhead_cable_extension.png,F229,overhead_cable_extension,Overhead Cable Triceps Extension,Maya,https://d8j0ntlcm91z4.cloudfront.net/user_3FS08NDvOnniU88xskYvPiIVl2E/hf_20260930_161325_7a371311-7950-4bf4-899f-9c286a29b70e.png
F230_overhead_carry.png,F230,overhead_carry,Overhead Carry,Zoe,https://d8j0ntlcm91z4.cloudfront.net/user_3FS08NDvOnniU88xskYvPiIVl2E/hf_20260930_070023_78b61550-d001-4cef-b4df-a51296e95802.png
F231_pallof_press.png,F231,pallof_press,Pallof Press,Nia,https://d8j0ntlcm91z4.cloudfront.net/user_3FS08NDvOnniU88xskYvPiIVl2E/hf_20260930_070023_cdd088d7-7133-4706-ad82-1159e21248c7.png
F232_pallof_step_out.png,F232,pallof_step_out,Pallof Step-Out,Zoe,https://d8j0ntlcm91z4.cloudfront.net/user_3FS08NDvOnniU88xskYvPiIVl2E/hf_20260930_070120_d831151c-b6e0-4bda-9e6b-e23708b18292.png
F233_parallel_bar_dip.png,F233,parallel_bar_dip,Parallel Bar Dip,Cole,https://d8j0ntlcm91z4.cloudfront.net/user_3FS08NDvOnniU88xskYvPiIVl2E/hf_20260930_160319_6eb46b83-6dbc-458e-b540-aa200c8676f5.png
F234_pec_deck.png,F234,pec_deck,Pec Deck,Maya,https://d8j0ntlcm91z4.cloudfront.net/user_3FS08NDvOnniU88xskYvPiIVl2E/hf_20260930_160319_6c97b8c8-9994-4492-bb30-1a3b3305b7b4.png
F235_pendlay_row.png,F235,pendlay_row,Pendlay Row,Jalen,https://d8j0ntlcm91z4.cloudfront.net/user_3FS08NDvOnniU88xskYvPiIVl2E/hf_20260930_154300_bcbd1d43-0c23-4cf8-9b13-e3483a961327.png
F236_pendulum_squat.png,F236,pendulum_squat,Pendulum Squat,Brooke,https://d8j0ntlcm91z4.cloudfront.net/user_3FS08NDvOnniU88xskYvPiIVl2E/hf_20260930_172350_acde7257-456d-4b07-8aca-e2f544cee2a0.png
F237_pit_shark_belt_squat.png,F237,pit_shark_belt_squat,Pit Shark Belt Squat,Zoe,https://d8j0ntlcm91z4.cloudfront.net/user_3FS08NDvOnniU88xskYvPiIVl2E/hf_20260930_070120_dc482fdc-6e81-4106-86df-afb1e28c361e.png
F238_plate_front_raise.png,F238,plate_front_raise,Plate Front Raise,Nia,https://d8j0ntlcm91z4.cloudfront.net/user_3FS08NDvOnniU88xskYvPiIVl2E/hf_20260930_070120_4fe8e456-5482-469b-912f-60f722158e30.png
F239_machine_incline_press.png,F239,machine_incline_press,Plate-Loaded Incline Press,Cole,https://d8j0ntlcm91z4.cloudfront.net/user_3FS08NDvOnniU88xskYvPiIVl2E/hf_20260930_070120_474c547e-156e-493e-beb0-205e64ee8480.png
F240_prone_y_raise.png,F240,prone_y_raise,Prone Y-Raise,Maya,https://d8j0ntlcm91z4.cloudfront.net/user_3FS08NDvOnniU88xskYvPiIVl2E/hf_20260930_070120_a7484a5b-bde3-459d-8d78-1f8aec70901e.png
F241_push_press.png,F241,push_press,Push Press,Jalen,https://d8j0ntlcm91z4.cloudfront.net/user_3FS08NDvOnniU88xskYvPiIVl2E/hf_20260930_161410_d8307a8b-0077-41ff-8744-5d64d5bceace.png
F242_rack_pull.png,F242,rack_pull,Rack Pull,Brooke,https://d8j0ntlcm91z4.cloudfront.net/user_3FS08NDvOnniU88xskYvPiIVl2E/hf_20260930_070225_9db9f051-7cdf-407e-83ea-e7724a4b6b75.png
F243_renegade_row.png,F243,renegade_row,Renegade Row,Maya,https://d8j0ntlcm91z4.cloudfront.net/user_3FS08NDvOnniU88xskYvPiIVl2E/hf_20260930_153228_ef6dee67-6b7f-41c4-8509-7f019f2a1a76.png
F244_reverse_crunch.png,F244,reverse_crunch,Reverse Crunch,Zoe,https://d8j0ntlcm91z4.cloudfront.net/user_3FS08NDvOnniU88xskYvPiIVl2E/hf_20260930_070255_d8c98567-46a5-4d8c-8af1-686756682f4d.png
F245_reverse_lunge_to_press.png,F245,reverse_lunge_to_press,Reverse Lunge to Overhead Press,Nia,https://d8j0ntlcm91z4.cloudfront.net/user_3FS08NDvOnniU88xskYvPiIVl2E/hf_20260930_070255_259cbfb6-69c5-4c12-b9a9-387b6935b1b5.png
F246_rope_pressdown.png,F246,rope_pressdown,Rope Triceps Pressdown,Cole,https://d8j0ntlcm91z4.cloudfront.net/user_3FS08NDvOnniU88xskYvPiIVl2E/hf_20260930_070254_2749674f-1bfe-4ea0-a269-a79b432d26e2.png
F247_seated_cable_row.png,F247,seated_cable_row,Seated Cable Row,Brooke,https://d8j0ntlcm91z4.cloudfront.net/user_3FS08NDvOnniU88xskYvPiIVl2E/hf_20260930_070254_e566df02-ba94-4fed-b5b8-cde58a1f0e43.png
F248_seated_calf_raise.png,F248,seated_calf_raise,Seated Calf Raise,Maya,https://d8j0ntlcm91z4.cloudfront.net/user_3FS08NDvOnniU88xskYvPiIVl2E/hf_20260930_070324_449ae496-e6cc-47dc-a8dd-3a7582d92f4b.png
F249_seated_dip_machine.png,F249,seated_dip_machine,Seated Dip Machine,Jalen,https://d8j0ntlcm91z4.cloudfront.net/user_3FS08NDvOnniU88xskYvPiIVl2E/hf_20260930_070323_9393ccf5-a1ad-455e-b51c-dcc7ae86e5d8.png
F250_db_shoulder_press.png,F250,db_shoulder_press,Seated Dumbbell Shoulder Press,Zoe,https://d8j0ntlcm91z4.cloudfront.net/user_3FS08NDvOnniU88xskYvPiIVl2E/hf_20260930_070324_68f940eb-b023-483f-a637-174206dd1ac4.png
F251_side_plank.png,F251,side_plank,Side Plank,Nia,https://d8j0ntlcm91z4.cloudfront.net/user_3FS08NDvOnniU88xskYvPiIVl2E/hf_20260930_070323_b923d994-d581-483d-8891-fcf2a5166cde.png
F252_side_lying_hip_abduction.png,F252,side_lying_hip_abduction,Side-Lying Hip Abduction,Brooke,https://d8j0ntlcm91z4.cloudfront.net/user_3FS08NDvOnniU88xskYvPiIVl2E/hf_20260930_070323_bee06f88-e4ff-44c7-b5ef-22431960cb65.png
F253_single_arm_cable_chest_press.png,F253,single_arm_cable_chest_press,Single-Arm Cable Chest Press,Maya,https://d8j0ntlcm91z4.cloudfront.net/user_3FS08NDvOnniU88xskYvPiIVl2E/hf_20260930_070422_d93cf681-3108-4523-a392-45138170d6b0.png
F254_cable_rear_delt_fly.png,F254,cable_rear_delt_fly,Single-Arm Cable Rear-Delt Fly,Jalen,https://d8j0ntlcm91z4.cloudfront.net/user_3FS08NDvOnniU88xskYvPiIVl2E/hf_20260930_070422_169e81a9-7bae-48b0-bd87-70a71176031b.png
F255_single_arm_cable_triceps_extension.png,F255,single_arm_cable_triceps_extension,Single-Arm Cable Triceps Extension,Zoe,https://d8j0ntlcm91z4.cloudfront.net/user_3FS08NDvOnniU88xskYvPiIVl2E/hf_20260930_070422_9c194186-a18f-41e7-b764-c3c6299e8a10.png
F256_single_leg_db_calf_raise.png,F256,single_leg_db_calf_raise,Single-Leg Dumbbell Calf Raise,Nia,https://d8j0ntlcm91z4.cloudfront.net/user_3FS08NDvOnniU88xskYvPiIVl2E/hf_20260930_070421_b607af5c-acac-401f-9964-3c6c6e63f273.png
F257_single_leg_glute_bridge.png,F257,single_leg_glute_bridge,Single-Leg Glute Bridge,Brooke,https://d8j0ntlcm91z4.cloudfront.net/user_3FS08NDvOnniU88xskYvPiIVl2E/hf_20260930_070421_e2eb4719-56f5-4a47-b5b3-e6510a0cd267.png
F258_single_leg_rdl.png,F258,single_leg_rdl,Single-Leg Romanian Deadlift,Zoe,https://d8j0ntlcm91z4.cloudfront.net/user_3FS08NDvOnniU88xskYvPiIVl2E/hf_20260930_070453_067e7cab-6f6d-46a0-9e6c-47465648e653.png
F259_sled_pull.png,F259,sled_pull,Sled Rope Pull,Cole,https://d8j0ntlcm91z4.cloudfront.net/user_3FS08NDvOnniU88xskYvPiIVl2E/hf_20260930_070453_cb96adfd-fe2b-458b-9818-cdcf024747b2.png
F260_smith_bench_press.png,F260,smith_bench_press,Smith Machine Bench Press,Maya,https://d8j0ntlcm91z4.cloudfront.net/user_3FS08NDvOnniU88xskYvPiIVl2E/hf_20260930_070453_adde44b3-0b2f-44de-bd7a-ed774975776e.png
F261_smith_calf_raise.png,F261,smith_calf_raise,Smith Machine Calf Raise,Nia,https://d8j0ntlcm91z4.cloudfront.net/user_3FS08NDvOnniU88xskYvPiIVl2E/hf_20260930_070453_9f19ae8e-5122-45b9-9035-78a5e0210872.png
F262_smith_hip_thrust.png,F262,smith_hip_thrust,Smith Machine Hip Thrust,Brooke,https://d8j0ntlcm91z4.cloudfront.net/user_3FS08NDvOnniU88xskYvPiIVl2E/hf_20260930_154441_e2902c73-331f-47e3-bd04-f43c5924b488.png
F263_smith_incline_press.png,F263,smith_incline_press,Smith Machine Incline Press,Jalen,https://d8j0ntlcm91z4.cloudfront.net/user_3FS08NDvOnniU88xskYvPiIVl2E/hf_20260930_070522_82b822d6-0a38-461b-91de-b5ccaa579861.png
F264_smith_shoulder_press.png,F264,smith_shoulder_press,Smith Machine Shoulder Press,Zoe,https://d8j0ntlcm91z4.cloudfront.net/user_3FS08NDvOnniU88xskYvPiIVl2E/hf_20260930_070522_12f4f745-cfe8-451e-b4cd-4cf3b4b37070.png
F265_smith_squat.png,F265,smith_squat,Smith Machine Squat,Maya,https://d8j0ntlcm91z4.cloudfront.net/user_3FS08NDvOnniU88xskYvPiIVl2E/hf_20260930_070624_a6fcfe86-d8ba-45d7-ab1a-16d23d8675a3.png
F266_snap_down.png,F266,snap_down,Snap-Down to Stick,Nia,https://d8j0ntlcm91z4.cloudfront.net/user_3FS08NDvOnniU88xskYvPiIVl2E/hf_20260930_070522_a894bf4f-394a-429f-8d5c-482273d93361.png
F267_cable_chest_press.png,F267,cable_chest_press,Standing Cable Chest Press,Cole,https://d8j0ntlcm91z4.cloudfront.net/user_3FS08NDvOnniU88xskYvPiIVl2E/hf_20260930_070522_decad997-0453-4f02-93dc-44bc116b9183.png
F268_cable_hip_abduction.png,F268,cable_hip_abduction,Standing Cable Hip Abduction,Zoe,https://d8j0ntlcm91z4.cloudfront.net/user_3FS08NDvOnniU88xskYvPiIVl2E/hf_20260930_070654_17118d4d-3df0-4005-9a5a-4084faabc225.png
F269_cable_hip_adduction.png,F269,cable_hip_adduction,Standing Cable Hip Adduction,Brooke,https://d8j0ntlcm91z4.cloudfront.net/user_3FS08NDvOnniU88xskYvPiIVl2E/hf_20260930_070624_a1569d4e-b12c-45ed-846e-ba0065ba628c.png
F270_standing_calf_raise_machine.png,F270,standing_calf_raise_machine,Standing Calf Raise Machine,Maya,https://d8j0ntlcm91z4.cloudfront.net/user_3FS08NDvOnniU88xskYvPiIVl2E/hf_20260930_070654_27a81ee4-311d-4871-9f3b-59b6a8d2aee8.png
F271_bw_step_up.png,F271,bw_step_up,Step-Up,Nia,https://d8j0ntlcm91z4.cloudfront.net/user_3FS08NDvOnniU88xskYvPiIVl2E/hf_20260930_070654_eed6d97f-ba10-46ae-90b7-a29b33747b4b.png
F272_sumo_deadlift.png,F272,sumo_deadlift,Sumo Deadlift,Brooke,https://d8j0ntlcm91z4.cloudfront.net/user_3FS08NDvOnniU88xskYvPiIVl2E/hf_20260930_070654_9a92f528-9f20-4088-a2b8-baa4c4ba9cfc.png
F273_trap_bar_jump.png,F273,trap_bar_jump,Trap-Bar Jump Squat,Jalen,https://d8j0ntlcm91z4.cloudfront.net/user_3FS08NDvOnniU88xskYvPiIVl2E/hf_20260930_070654_d97eaae8-0318-430b-9f51-4d13eaec7750.png
F274_turkish_get_up.png,F274,turkish_get_up,Turkish Get-Up,Cole,https://d8j0ntlcm91z4.cloudfront.net/user_3FS08NDvOnniU88xskYvPiIVl2E/hf_20260930_070725_5e710cc0-1e43-404e-8c0d-c768f3c47bfb.png
F275_wall_drill.png,F275,wall_drill,Wall Drill (March to Switches),Zoe,https://d8j0ntlcm91z4.cloudfront.net/user_3FS08NDvOnniU88xskYvPiIVl2E/hf_20260930_070725_037496ac-0fd7-4798-82be-489b5be02f7e.png
F276_weighted_plank.png,F276,weighted_plank,Weighted Plank,Maya,https://d8j0ntlcm91z4.cloudfront.net/user_3FS08NDvOnniU88xskYvPiIVl2E/hf_20260930_070725_52642886-fe6c-4393-b118-54d2b8a51bf8.png
F277_weighted_pull_up.png,F277,weighted_pull_up,Weighted Pull-Up,Jalen,https://d8j0ntlcm91z4.cloudfront.net/user_3FS08NDvOnniU88xskYvPiIVl2E/hf_20260930_153321_411a3d26-b5fa-436e-97ee-911243b6f0d5.png
F278_weighted_push_up.png,F278,weighted_push_up,Weighted Push-Up,Nia,https://d8j0ntlcm91z4.cloudfront.net/user_3FS08NDvOnniU88xskYvPiIVl2E/hf_20260930_070725_0afa4cf4-1832-4a5a-a310-8821bb818bb9.png
F279_weighted_sit_up.png,F279,weighted_sit_up,Weighted Sit-Up,Brooke,https://d8j0ntlcm91z4.cloudfront.net/user_3FS08NDvOnniU88xskYvPiIVl2E/hf_20260930_070754_754389c9-f75f-45b0-a41a-02ed7886cde5.png
F280_worlds_greatest_stretch.png,F280,worlds_greatest_stretch,World's Greatest Stretch,Zoe,https://d8j0ntlcm91z4.cloudfront.net/user_3FS08NDvOnniU88xskYvPiIVl2E/hf_20260930_070755_c89c903d-a0de-46a7-b0f9-244f13848278.png
F281_z_press.png,F281,z_press,Z-Press,Maya,https://d8j0ntlcm91z4.cloudfront.net/user_3FS08NDvOnniU88xskYvPiIVl2E/hf_20260930_070755_fc8b1aba-b19e-4ed4-8e78-4dd42b7251ed.png
F282_zercher_squat.png,F282,zercher_squat,Zercher Squat,Cole,https://d8j0ntlcm91z4.cloudfront.net/user_3FS08NDvOnniU88xskYvPiIVl2E/hf_20260930_070755_0a9dabf9-0c7d-46e2-8242-b43854c4541d.png
F283_cut_and_go.png,F283,cut_and_go,45-Degree Cut and Go,Nia,https://d8j0ntlcm91z4.cloudfront.net/user_3FS08NDvOnniU88xskYvPiIVl2E/hf_20260930_070755_60b5169f-e024-4eb4-b3a9-e1324de3817e.png
F284_pro_agility_shuttle.png,F284,pro_agility_shuttle,5-10-5 Pro-Agility Shuttle,Zoe,https://d8j0ntlcm91z4.cloudfront.net/user_3FS08NDvOnniU88xskYvPiIVl2E/hf_20260930_070900_ec5b7d02-dcf8-4043-bc7c-005de4f53b30.png
F285_short_shuttle.png,F285,short_shuttle,5-5 Shuttle,Brooke,https://d8j0ntlcm91z4.cloudfront.net/user_3FS08NDvOnniU88xskYvPiIVl2E/hf_20260930_070900_83cd1f53-efbf-47f2-8f5b-e5501d223ad6.png
F286_sprint_to_stick.png,F286,sprint_to_stick,Acceleration to Stick (5 m),Maya,https://d8j0ntlcm91z4.cloudfront.net/user_3FS08NDvOnniU88xskYvPiIVl2E/hf_20260930_070900_564b135d-b377-4b5f-82b0-60e2048dc725.png
F287_backpedal_to_stick.png,F287,backpedal_to_stick,Backpedal to Stick,Jalen,https://d8j0ntlcm91z4.cloudfront.net/user_3FS08NDvOnniU88xskYvPiIVl2E/hf_20260930_070930_f88943c0-2ef4-42cd-bc8c-afd04dcfc6c4.png
F288_bear_crawl_ball_toss.png,F288,bear_crawl_ball_toss,Bear Crawl Ball Toss,Nia,https://d8j0ntlcm91z4.cloudfront.net/user_3FS08NDvOnniU88xskYvPiIVl2E/hf_20260930_173018_25db2daa-e36b-4394-9c67-4238c3f50340.png
F289_broad_jump_to_sprint.png,F289,broad_jump_to_sprint,Broad Jump to Sprint (5 m),Zoe,https://d8j0ntlcm91z4.cloudfront.net/user_3FS08NDvOnniU88xskYvPiIVl2E/hf_20260930_070930_19ca2282-e02f-44d7-b761-d832c5b7d9c2.png
F290_carioca.png,F290,carioca,Carioca,Maya,https://d8j0ntlcm91z4.cloudfront.net/user_3FS08NDvOnniU88xskYvPiIVl2E/hf_20260930_161325_c5fd1cdc-3c91-4d7f-a932-aa52ff2a021c.png
F291_crossover_sprint.png,F291,crossover_sprint,Crossover Step to Sprint (5 m),Cole,https://d8j0ntlcm91z4.cloudfront.net/user_3FS08NDvOnniU88xskYvPiIVl2E/hf_20260930_070930_ef4eedc2-e8fb-4abc-8c7f-eb4784fba082.png
F292_dot_drill.png,F292,dot_drill,Dot Drill,Brooke,https://d8j0ntlcm91z4.cloudfront.net/user_3FS08NDvOnniU88xskYvPiIVl2E/hf_20260930_071000_5662e30f-b9e4-4361-ae65-227949b52bc0.png
F293_drop_step_sprint.png,F293,drop_step_sprint,Drop-Step Start Sprint (5 m),Nia,https://d8j0ntlcm91z4.cloudfront.net/user_3FS08NDvOnniU88xskYvPiIVl2E/hf_20260930_070959_9bf540d7-2595-4e75-8b24-cf2329748920.png
F294_half_kneeling_start_sprint.png,F294,half_kneeling_start_sprint,Half-Kneeling Start Sprint (5 m),Zoe,https://d8j0ntlcm91z4.cloudfront.net/user_3FS08NDvOnniU88xskYvPiIVl2E/hf_20260930_071000_5a9bd0a0-aa00-4bf0-886a-329682ec70af.png
F295_lateral_shuffle_stick.png,F295,lateral_shuffle_stick,Lateral Shuffle to Stick,Maya,https://d8j0ntlcm91z4.cloudfront.net/user_3FS08NDvOnniU88xskYvPiIVl2E/hf_20260930_070959_5916d2b1-0eae-4144-89f0-2314c7d70f94.png
F296_line_hops.png,F296,line_hops,Line Hops,Cole,https://d8j0ntlcm91z4.cloudfront.net/user_3FS08NDvOnniU88xskYvPiIVl2E/hf_20260930_070959_67dc7589-bad5-488f-a418-310114c01b6a.png
F297_power_skip.png,F297,power_skip,Power Skip,Nia,https://d8j0ntlcm91z4.cloudfront.net/user_3FS08NDvOnniU88xskYvPiIVl2E/hf_20260930_071030_90849ae5-64c8-4a12-bfc8-a7c5898f5695.png
F298_push_up_start_sprint.png,F298,push_up_start_sprint,Push-Up-Start Sprint (5 m),Jalen,https://d8j0ntlcm91z4.cloudfront.net/user_3FS08NDvOnniU88xskYvPiIVl2E/hf_20260930_071030_f0276d5a-dba4-461e-9c6f-4187b67b93d6.png
F299_shuffle_crossover_sprint.png,F299,shuffle_crossover_sprint,Shuffle-Crossover-Sprint,Brooke,https://d8j0ntlcm91z4.cloudfront.net/user_3FS08NDvOnniU88xskYvPiIVl2E/hf_20260930_071108_2e6a677c-5526-4079-9a0c-279ee1802b2b.png
F300_single_leg_hop_to_sprint.png,F300,single_leg_hop_to_sprint,Single-Leg Hop to Sprint (5 m),Zoe,https://d8j0ntlcm91z4.cloudfront.net/user_3FS08NDvOnniU88xskYvPiIVl2E/hf_20260930_071029_aa1dcbb3-c839-4c07-b513-447304123625.png
F301_split_stance_start_sprint.png,F301,split_stance_start_sprint,Split-Stance Start Sprint (5 m),Maya,https://d8j0ntlcm91z4.cloudfront.net/user_3FS08NDvOnniU88xskYvPiIVl2E/hf_20260930_071030_23873c07-f9bf-4d44-83ac-c7c66be2eae5.png
